v2_hi3Ad[q	8fmSIEsZ^K	Q;y9HJ2_J|	CNVpf{_IFc	Y\bxDbnzN@	cPzzM8ah-=	:tZhvZ;i6;	r3ghptJGqr
INQ\dHUhnv	hihj.j>MjM	~Zo?xl\lkb	;23iQWui[i	b\LO1~sGNs	bo{QAYpv`x	J<jOEBGpVI	mm|o/<n^]5
RVNQVd2tpO	/TN5an:EpR	Z3IWWb2.}P	{9<Sw[j-Cl	j3V7zQokwO	y{mI<Qxhfo	>EvFPk1PD6	S-EJRfkaVX
E:x.lr}j}6	GdGe4Bb>Eg	bJpH<G~]V|	72W<xtcw0G	.g|grdZkj=	mQ0F-t]:[|	7g[\RfD03_	M{y[f26h~~
dEET^zowPT	XEh=YrY:MP	/opBX{u3~M	\z_if{TmLA	6>}LD3f9e`	.Cj01wl/-B	H`.@vrJ</I	R47V-P\X[T
G@z[c~~.TM	0F>|r{8;-f	f?>u_l`GPW	1nBHbPj{RG	Eo|YDycUXU	m.Y1}4{C=4	M_Rpn]~Z}]	d=`:nFwtus
0EQv1p/jC2	eLL}E|S?F<	hA>Qgtk6]Q	6@8A^2x22\	F9921q`=Vt	22UBr?|wmy	FY@Zgq8?2i	wXtVovvAcI
uNH9KZsE{a	L.ATdV9EOY	NuF.?YSbHG	^{:/5GW{Xq	M:<rFtW^tS	1/i]dvsPKl	m8JpA-kmiv	}fAJd@>dBZ
Pgm/CmcKMM	`xmWd:L^J=	}fN2LQ\S24	@HDWxb.Tzf	Q/-a_`>bmf	jBc19B-XtQ	q|:n<leiAI	a7[|3}Ast3
e{s>g`8BS@	~dC7i@Qxkn	WhJ`eUJjCk	uOMViugV[o	Cc1~Kb{GN1	ra51eOC{nm	8|FE<hO|W>	S<5^wpR_\O
p1=38]@P42	={MUT.{DzU	_Pgcb;l|5V	SV]oyJ{~lk	3`|tbyAfip	j6hd4;FMyn	duw[T67`:i	fg{L-5p;S[
6EUtq;7ikj	Rqu\movBWw	WgCTb246fP	E]8jgPzVXT	kZaWf=EX>h	U<EVG3@jXG	ZM.3`7<_nv	H]0;-BUDJs
gmrD6tm_=Z	]44GdQZmnY	ilByf6;^vY	fuZQWTGG0J	{hNDVsI}?W	P1qhpMs;Ea	qi~N5EVw9R	Ttj10^e?t<
[O|}kX25;z	XZ6vI6N@ka	Z-FcLa_C=A	n;lHXG1YNQ	Br0VZ}s]gK	_@ql?nk_f4	O8e{DhFmVB	zt0r8<~_yA
\M:hqi:<}P	KJ_]y_sDB{	=qC{.xykY<	5gcz^8-;Fq	SVl{|wATs5	Y@C^23Sk9V	ag2:Ky`\}I	Y7Xy89ejcu
0gLRCv.F5p	W7y8}-H>\n	2UHg9/8Byk	mRwA;K6V4}	.fVsp2LIwm	@g-w}BhIx;	n9tL8diFE[	AFL\[]961l
NEuH[uH>/I	Gco5^ey{Wt	[Lq5z;ktE\	`p[IW4VNsd	JrSh2-=El;	sa0GQ^lLw[	yNCdIRdu?z	Ix;b6z:Nh:
tWqYZpT3fV	\ZMOqDQM<g	5ggdRp28vS	yXy91F|h5{	m:uH8Q~9^r	Q<;OhWj5>J	T@<i6nge}U	|JDV@U-8O1
e|B]VMuYNQ	:=]ZlVzBzz	nI@85bUUIW	J0=uKwo3:J	b}D`D/{^>K	~UB3iPb.U3	hSmy6ijgjZ	^b.psh1tOx
oM8cmrzzft	v<108PN3BN	-op:GC0Y_9	{56[hhmP@q	6q}fA\>eSu	nOnWPs?{rh	1qe2.4USW@	l8S<35RG<<
YFc0P/2.G^	/Uj|5-Rk/o	m^-?rukpg|	xvp9XB;=pl	kF\/>:WHKd	GusF7NBA37	ya.yp>{v?`	lI{F/h6Y}x
Hn`eg-qk}g	>[UvF1cgw1	x2Myq/OO.I	hbiY[.J<rC	pp1:hh./tO	Jpbl0fo@-@	:NN{GU3]nY	ZA_JX^?X2y
sHYGYB<lqT	>uz1O7Yx/?	2H3Q2@~`PG	u:1F9vuqb2	hI2~-S?qu2	^\8>Os=tcW	Fp]-oU\P9q	WV-\3Abnwf
K4?Uncn}l=	_IrR6KbAfQ	Ssai1{}Y[k	`UJe-\HVrr	P2uUm;Q;Mf	>ju?Da-QAa	i8eeJdc6n:	-DW7Flo0S]
YJge4rcd=r	gnH-xX3krb	hFkmwct:;E	8jOhTJG0e}	pFlFIH<7[K	wVY2NPFvU3	vHGvh7\>kF	M[iLFYNT>i
TLh89hx\wH	]GEfRQ5>92	tdg?Jc^d6@	~.j9lCao3`	2mwylyTB\U	qjvs\i1}uW	MYlcsEe7;L	FfQR.3rjY{
ZQt:7_=0u6	Zx.L~[Ad~a	gRb`GHd/W?	B:aF92M[H[	\oj[w~t4=0	G[h;aduj<V	x<QY@dVk`s	O1o~g@[coG
Serxx_M02e	oByxgjrsLi	VRtzXl5ALE	ir=rUQ_KNJ	lU8?o1}T8w	KRskOb@Z>l	..lv?Zw:N@	YPK@s]\.Gp
YYXFf.jC3:	liOQUi[PQ?	>3\GIc`}er	6awxhM.nDb	=}_ciTLek6	yuLSE`jqLB	:oWzbZs;uJ	NI:DkF.3M]
[3@N:D4EDF	1vKeMxM0YB	k6k:/VFR8|	Ediz4^PdGL	d13<71r~6f	v2<Z~?_oSE	GIrL}gHS4R	HMKGaoa}Qr
F..{{E38cP	-zq.ZA<D:-	n6tI=wr>m0	8[sADVDh0?	t7r62N`3r4	-I2pl6e`NG	8qO]KT3OnQ	6io:z~-Mp:
M@}A-ZXbQx	Y{pRV0qVM5	fC?8x1HIOQ	Zd:@qjcST~	;ByHJE<[K9	A\^KW:sUyw	^;qTl/d0o8	>2~nsyU.It